{
  "users": [
    {
      "id": "1",
      "name": "Leanne Graham",
      "username": "Bret",
      "email": "Sincere@april.biz",
      "phone": "1-770-736-8031 x56442",
      "website": "hildegard.org"
    },
    {
      "id": "2",
      "name": "Ervin Howell",
      "username": "Antonette",
      "email": "Shanna@melissa.tv",
      "phone": "010-692-6593 x09125",
      "website": "anastasia.net"
    },
    {
      "id": "bbae",
      "username": "Test4",
      "name": "Test4",
      "email": "Test4"
    },
    {
      "id": "bfd6",
      "username": "12",
      "name": "12",
      "email": "12"
    },
    {
      "id": "43c3",
      "username": "123",
      "name": "123",
      "email": "123"
    },
    {
      "id": "d7d0",
      "username": "1231234",
      "name": "1231234444 d wds fdsf dsf ",
      "email": "1231234"
    },
    {
      "id": "23c2",
      "username": "1313",
      "name": "1315556",
      "email": "6677"
    }
  ],
  "photos": []
}