{
  "users": [
    {
      "id": "1",
      "name": "Br",
      "username": "Bret",
      "email": "madddakkas",
      "phone": "1-770-736-8031 x56442",
      "website": "hildegard.org"
    },
    {
      "id": ""
    },
    {
      "id": ""
    },
    {
      "id": ""
    },
    {
      "id": ""
    },
    {
      "id": ""
    },
    {
      "id": ""
    },
    {
      "id": ""
    },
    {
      "id": ""
    },
    {
      "id": ""
    },
    {
      "id": ""
    },
    {
      "id": ""
    },
    {
      "id": ""
    }
  ],
  "photos": []
}